{
  "name": "Local Debug",
  "slug": "local-debug",
  "version": "1.0.0",
  "description": "Enhanced debugging tools for WordPress development in Local by Flywheel",
  "author": "Local Debug Team",
  "homepage": "https://github.com/local-debug/local-debug-addon",
  "main": "index.js",
  "engines": {
    "local": ">=6.0.0"
  },
  "keywords": [
    "local",
    "flywheel",
    "wordpress",
    "debug",
    "development",
    "tools"
  ],
  "dependencies": {
    "react": "^18.0.0",
    "react-dom": "^18.0.0"
  }
}